PassengerId,Survived,Pclass,Sex,Age,Fare
1,0,3,male,22,7.25
2,1,1,female,38,71.28
3,1,3,female,26,7.92
4,1,1,female,35,53.1
5,0,3,male,28,8.05
6,0,3,male,30,8.46
7,1,1,female,40,51.86
8,0,2,male,19,13.0
9,1,2,female,21,26.55
10,0,3,male,25,7.85
11,1,1,female,32,31.28
12,1,3,male,45,26.0
13,0,2,male,29,13.0
14,0,3,female,18,7.23
15,1,1,female,35,83.48
16,1,2,male,27,26.0
17,0,3,male,31,8.05
18,1,1,female,24,51.86
19,0,3,male,42,7.9
20,1,2,female,30,13.0
21,0,3,male,20,8.05
22,0,3,male,36,10.5
23,1,1,female,28,30.0
24,1,2,female,33,13.0
25,0,3,male,26,7.9
26,1,1,female,41,80.0
27,0,3,male,23,7.75
28,0,2,male,34,13.0
29,1,1,female,29,26.55
30,1,3,male,19,7.85
31,0,2,female,37,26.0
32,1,3,male,22,8.05
33,0,3,male,31,7.9
34,0,2,female,28,13.0
35,1,1,female,36,53.1
36,1,3,male,25,8.46
37,0,2,female,30,26.0
38,1,1,male,44,51.86
39,0,3,male,27,7.9
40,0,2,female,32,13.0
41,1,1,female,39,30.0
42,0,3,male,21,7.25
43,1,2,female,26,13.0
44,1,1,male,34,53.1
45,0,3,male,29,8.05
46,0,2,female,23,26.0
47,1,1,female,38,83.48
48,0,3,male,20,7.9
49,1,2,male,31,13.0
50,0,1,female,35,71.28
51,1,3,male,24,8.05
52,0,2,female,40,26.0
53,1,1,female,28,30.0
54,0,3,male,27,7.25
55,1,2,female,33,53.1
56,0,1,male,22,13.0
57,1,3,female,36,26.55
58,0,2,male,30,7.85
59,1,1,female,25,71.28
60,0,3,male,42,8.05
